question,answer,timestamp 
"chào bạn, bạn hãy cho tôi biết thế nào là lọc ngữ cảnh (trả lời bằng tiếng việt)","Lọc ngữ cảnh là quá trình loại bỏ hoặc chọn lọc thông tin từ ngữ cảnh để tập trung vào những phần quan trọng, cần thiết nhất. Điều này giúp làm sáng tỏ ý nghĩa của thông tin và giúp người đọc hiểu rõ hơn về nội dung cụ thể mà họ quan tâm.","2025-04-09T08:08:30.207Z"
"bạn có thể phân tích chi tiết hơn không?","Dĩ nhiên, khi lọc ngữ cảnh, chúng ta thường xem xét các yếu tố sau:

1. Mục đích: Xác định mục tiêu hoặc ý định của thông tin để tập trung vào những phần quan trọng nhất.
2. Đối tượng: Xác định đối tượng hoặc độc giả mà thông tin đang được gửi đến để chọn lọc nội dung phù hợp.
3. Ngữ cảnh: Xem xét bối cảnh hoặc tình huống mà thông tin được trình bày để hiểu rõ hơn về ý nghĩa của nó.
4. Tác động: Đánh giá tác động mà thông tin có thể gây ra đối với người đọc hoặc người tiếp nhận thông tin.
5. Sự chuẩn xác: Đảm bảo rằng thông tin được lựa chọn là chính xác và đáng tin cậy để tránh hiểu lầm hay thông tin sai lệch.

Bằng cách phân tích kỹ lưỡng các yếu tố trên, chúng ta có thể lọc ngữ cảnh hiệu quả và trình bày thông tin một cách rõ ràng, logic và chính xác.","15:17:11 09/04/2025"

